Model,MAE,RMSE,R2
Linear Regression,1371.305091888744,1677.3223799456966,0.2876956965950773
Random Forest,5.222943392627066,50.23430661834724,0.9993610993808311
